{"input_size": 19, "hidden_layer_sizes": [32], "output_size": 1, "mean": [43.0, 2.3, 3.8, 1.3, 1.1, 17.3, 5.7, 55011.2, 67059.1, 91120.2, 68969.0, 40497.8, 30069.0, 36273.7, 20778.0, 26210.5, 0.5, 0.5, 190449.33333333334], "std": [5.3819622110694265, 1.7645943169602119, 1.2703515668696896, 2.654209408883726, 0.959525744924238, 39.75281382363456, 9.210750839887199, 98924.04931628625, 140110.61749803013, 161018.80148697994, 91200.27878700584, 54504.061989973714, 63077.624531070906, 69375.6468883913, 31025.656600904378, 42743.551882126034, 0.5085476277156078, 0.5085476277156078, 465398.30146307213]}